SecretarioInicial	Nro. Expediente	Sentido	Dependencia	Fecha de Asignacion	SECRETARIO	Fecha Limite	Estado
Diana	5949-2026	Admite	1ero	02-09-2026	kenia	07-09-2026	Plazo Vencido
Diana	1471-2026	Admite 	7mo	20-08-2026	Kevin	25-08-2026	Plazo Vencido
Diana	2203-2026	Improcedente 	1ero	25-08-2026	Kenia	30-08-2026	Plazo Vencido
Diana	5266-2024	Desistimiento	7mo	25-08-2026	Yeraldo	30-08-2026	Plazo Vencido
Diana	3418-2024-20	Improcedente 	7mo	25-08-2026	Kevin	30-08-2026	Plazo Vencido
Glenda	5226-2025	Improcedente	1ro	27-08-2026	kenia	01-09-2026	Plazo Vencido
Glenda	5667-2026	Improcedente	1ro	27-08-2026	Yeraldo	01-09-2026	Plazo Vencido
Diana	5661-2026-28	concede	1ero	28-08-2026	Kevin	02-09-2026	Plazo Vencido
Diana	2956-2026	Improcedente	1ero	31-08-2026	Kenia	05-09-2026	Plazo Vencido
Diana	5759-2026	Admite 	1ero	31-08-2026	Yeraldo	05-09-2026	Plazo Vencido
Glenda	5948-2026-56	concede	1ro	31-08-2026	Kevin	05-09-2026	Plazo Vencido
Diana	2317-2026	Improcedente	1ero	31-08-2026	Kenia	05-09-2026	Plazo Vencido
Diana	1981-2026	Improcedente	7mo	31-08-2026	Yeraldo	05-09-2026	Plazo Vencido
Diana	5454-2026	incompetencia	1ero	31-08-2026	Kevin	05-09-2026	Plazo Vencido
Glenda	5845-2026-28	concede	7mo	31-08-2026	Kenia	05-09-2026	Plazo Vencido
Diana	5745-2026	improcedente 	7mo	31-08-2026	Yeraldo	05-09-2026	Plazo Vencido
Diana	5731-2026-73	conceede	7mo	01-09-2026	Kevin	06-09-2026	Plazo Vencido
Diana	5949-2026	Admite	1ero	02-09-2026	kenia	07-09-2026	Plazo Vencido
Diana	3154-2026	Admite	7mo	02-09-2026	Yeraldo	07-09-2026	Plazo Vencido
Glenda	5614-2026	improcedente	1ro	07-09-2026	Kevin	12-09-2026	Plazo Vencido
